MIA,Udonis Haslem,1,25,21
MEM,Pau Gasol,1,44,6
MIA,Mark Blount,0,25,6
MEM,Mike Conley,0,25,6
MIA,Chris Quinn,1,43,24
MEM,Darko Milicic,1,36,7
MIA,Daequan Cook,0,22,28
MIA,Daequan Cook,1,39,22
MEM,Pau Gasol,0,25,6
MEM,Mike Conley,0,11,28
MEM,Pau Gasol,1,25,6
MIA,Chris Quinn,0,33,30
MIA,Mark Blount,0,19,8
MIA,Ricky Davis,0,12,23
MEM,Pau Gasol,0,25,13
MIA,Daequan Cook,0,37,28
MIA,Ricky Davis,1,24,26
MEM,Mike Miller,0,39,27
MEM,Pau Gasol,1,25,6
MIA,Daequan Cook,1,40,20
MEM,Rudy Gay,1,25,6
MIA,Daequan Cook,0,41,27
MEM,Pau Gasol,1,25,6
MIA,Ricky Davis,1,16,8
MEM,Darko Milicic,1,25,6
MIA,Daequan Cook,1,25,6
MIA,Udonis Haslem,0,23,20
MIA,Earl Barron,0,25,6
MIA,Ricky Davis,1,25,6
MIA,Udonis Haslem,1,25,6
MEM,Rudy Gay,1,42,24
MIA,Ricky Davis,1,14,28
MEM,Kyle Lowry,0,2,6
MEM,Rudy Gay,1,24,11
MIA,Dwyane Wade,0,18,26
MIA,Dwyane Wade,0,25,6
MIA,Earl Barron,0,25,6
MIA,Dwyane Wade,0,42,14
MEM,Kyle Lowry,0,10,46
MIA,Dwyane Wade,1,27,12
MEM,Mike Miller,1,25,6
MIA,Dwyane Wade,0,41,21
MEM,Darko Milicic,1,19,12
MIA,Ricky Davis,0,26,31
MEM,Stromile Swift,0,16,17
MEM,Kyle Lowry,0,2,14
MIA,Jason Williams,0,17,29
MEM,Darko Milicic,0,32,10
MIA,Dwyane Wade,1,25,6
MIA,Ricky Davis,1,25,6
MIA,Mark Blount,0,23,12
MIA,Mark Blount,0,25,6
MIA,Ricky Davis,0,25,13
MEM,Rudy Gay,0,10,19
MIA,Ricky Davis,0,18,14
MEM,Pau Gasol,1,25,6
MIA,Dwyane Wade,0,31,13
MIA,Dwyane Wade,0,35,9
MEM,Rudy Gay,1,25,6
MEM,Pau Gasol,0,25,6
MIA,Daequan Cook,1,1,8
MEM,Rudy Gay,0,25,6
MEM,Pau Gasol,0,24,12
MIA,Mark Blount,1,25,6
MIA,Chris Quinn,1,40,26
MEM,Juan Carlos Navarro,0,48,9
MIA,Udonis Haslem,0,5,7
MIA,Udonis Haslem,0,24,12
MIA,Chris Quinn,0,24,33
MEM,Casey Jacobsen,0,1,7
MEM,Juan Carlos Navarro,0,14,31
MIA,Mark Blount,1,25,6
MEM,Mike Conley,0,25,6
MIA,Mark Blount,1,15,24
MEM,Stromile Swift,1,25,6
MIA,Udonis Haslem,1,39,23
MEM,Casey Jacobsen,0,11,27
MIA,Mark Blount,1,25,6
MEM,Pau Gasol,0,25,6
MIA,Dwyane Wade,0,15,11
MEM,Mike Conley,1,25,6
MEM,Pau Gasol,0,48,8
MIA,Daequan Cook,0,46,8
MEM,Pau Gasol,0,41,13
MIA,Mark Blount,0,37,10
MEM,Mike Conley,1,25,6
MIA,Ricky Davis,0,17,21
MEM,Mike Miller,0,46,19
MIA,Chris Quinn,0,36,22
MEM,Mike Miller,1,43,24
MIA,Ricky Davis,0,34,25
MEM,Pau Gasol,1,41,10
MIA,Chris Quinn,1,10,27
MEM,Rudy Gay,1,48,7
MIA,Ricky Davis,1,22,12
MEM,Pau Gasol,0,15,10
MEM,Mike Miller,1,35,30
MIA,Daequan Cook,0,45,6
MIA,Udonis Haslem,1,11,7
MEM,Rudy Gay,1,23,28
MIA,Chris Quinn,0,25,6
MEM,Darko Milicic,1,25,6
MIA,Daequan Cook,0,34,30
MIA,Ricky Davis,1,36,16
MEM,Mike Miller,0,30,27
MIA,Ricky Davis,1,16,27
MEM,Mike Conley,0,13,23
MEM,Mike Miller,1,34,31
MIA,Ricky Davis,1,34,27
MEM,Pau Gasol,1,24,23
MIA,Dwyane Wade,1,37,13
MEM,Pau Gasol,0,25,6
MIA,Ricky Davis,1,25,6
MEM,Stromile Swift,1,24,11
MIA,Dwyane Wade,0,36,24
MEM,Rudy Gay,0,41,26
MIA,Earl Barron,0,20,15
MEM,Mike Miller,0,13,23
MIA,Dwyane Wade,0,42,20
MEM,Rudy Gay,0,18,13
MIA,Dwyane Wade,1,25,19
MEM,Rudy Gay,0,43,31
MEM,Pau Gasol,1,30,9
MIA,Dwyane Wade,1,25,6
MIA,Ricky Davis,1,2,10
MEM,Rudy Gay,1,26,18
MIA,Dwyane Wade,1,38,22
MEM,Rudy Gay,1,26,26
MIA,Earl Barron,0,25,26
MEM,Casey Jacobsen,0,6,16
MEM,Pau Gasol,1,25,6
MIA,Dwyane Wade,0,33,23
MIA,Mark Blount,1,35,24
MEM,Rudy Gay,1,45,7
MIA,Dwyane Wade,1,25,6
MEM,Mike Miller,0,46,19
MIA,Chris Quinn,1,1,11
MIA,Udonis Haslem,1,20,19
MEM,Rudy Gay,0,20,28
MEM,Mike Miller,1,25,6
MIA,Dwyane Wade,0,25,6
MIA,Udonis Haslem,0,25,6
MIA,Udonis Haslem,1,25,6
MEM,Mike Miller,0,4,20
MEM,Rudy Gay,0,43,24
MIA,Chris Quinn,1,2,9
MEM,Juan Carlos Navarro,0,23,31
MEM,Pau Gasol,0,25,6
MEM,Mike Conley,1,15,9
MIA,Udonis Haslem,1,25,6
MIA,Daequan Cook,0,48,6
MEM,Mike Conley,1,25,6
MIA,Mark Blount,0,25,6
MIA,Udonis Haslem,0,15,11
MEM,Pau Gasol,1,25,6
MIA,Ricky Davis,0,48,7
MEM,Pau Gasol,0,22,11
MEM,Rudy Gay,1,39,21
MIA,Dwyane Wade,0,36,30
MIA,Ricky Davis,0,25,6
MIA,Dwyane Wade,0,7,24
MIA,Chris Quinn,1,25,6
