DEN,Dahntay Jones,0,25,6
HOU,Luis Scola,0,25,6
HOU,Luis Scola,1,25,6
DEN,Chauncey Billups,1,20,22
HOU,Aaron Brooks,1,25,6
DEN,Kenyon Martin,1,24,13
HOU,Yao Ming,0,10,9
HOU,Yao Ming,0,33,10
HOU,Ron Artest,1,38,27
HOU,Ron Artest,0,20,14
HOU,Yao Ming,0,36,8
HOU,Yao Ming,1,29,10
DEN,Carmelo Anthony,1,43,24
HOU,Shane Battier,0,48,9
DEN,Chauncey Billups,1,25,6
HOU,Shane Battier,1,1,12
DEN,Chauncey Billups,0,36,21
DEN,Chauncey Billups,0,25,6
DEN,Carmelo Anthony,1,24,24
HOU,Kyle Lowry,0,25,6
DEN,Carmelo Anthony,0,18,19
HOU,Yao Ming,0,24,13
HOU,Yao Ming,0,25,6
DEN,Chauncey Billups,0,13,29
DEN,Kenyon Martin,0,30,12
HOU,Ron Artest,0,8,26
HOU,Luis Scola,0,19,8
DEN,Kenyon Martin,1,25,6
HOU,Ron Artest,1,39,27
HOU,Von Wafer,1,30,11
DEN,Carmelo Anthony,0,5,14
DEN,Carmelo Anthony,1,25,6
HOU,Ron Artest,0,25,6
HOU,Luis Scola,0,25,6
DEN,Kenyon Martin,0,25,6
DEN,Chauncey Billups,1,25,6
HOU,Von Wafer,0,41,25
DEN,J.R. Smith,1,45,29
HOU,Kyle Lowry,0,9,21
HOU,Chuck Hayes,0,24,11
DEN,Chris Andersen,0,24,13
HOU,Carl Landry,1,40,7
HOU,Von Wafer,1,31,7
HOU,Von Wafer,0,42,24
HOU,Brent Barry,0,25,6
DEN,J.R. Smith,0,40,20
HOU,Carl Landry,1,41,7
HOU,Aaron Brooks,0,32,8
HOU,Brent Barry,1,8,26
DEN,Carmelo Anthony,0,19,14
HOU,Carl Landry,0,30,10
DEN,Chris Andersen,0,27,12
DEN,Jason Hart,1,44,8
HOU,Carl Landry,0,7,8
DEN,Carmelo Anthony,0,22,31
HOU,Aaron Brooks,1,9,21
DEN,J.R. Smith,0,25,6
DEN,Chris Andersen,0,25,6
DEN,J.R. Smith,0,2,7
DEN,Carmelo Anthony,0,24,22
HOU,Aaron Brooks,1,25,6
HOU,Shane Battier,0,26,32
DEN,Carmelo Anthony,1,37,10
HOU,Ron Artest,1,48,9
HOU,Aaron Brooks,1,8,27
DEN,Chauncey Billups,0,42,10
HOU,Aaron Brooks,0,25,6
DEN,Carmelo Anthony,1,25,6
DEN,Carmelo Anthony,0,33,24
HOU,Luis Scola,0,25,6
HOU,Carl Landry,1,25,6
DEN,Chauncey Billups,0,25,6
HOU,Ron Artest,0,35,29
DEN,Carmelo Anthony,0,18,12
HOU,Ron Artest,0,35,29
HOU,Yao Ming,0,31,11
DEN,Dahntay Jones,0,2,9
HOU,Aaron Brooks,1,21,32
HOU,Aaron Brooks,1,38,19
DEN,Carmelo Anthony,0,42,24
HOU,Yao Ming,1,35,9
DEN,Dahntay Jones,1,25,6
DEN,Kenyon Martin,1,25,6
HOU,Ron Artest,0,6,23
DEN,Chauncey Billups,1,46,21
HOU,Yao Ming,1,28,12
DEN,Kenyon Martin,0,31,7
HOU,Yao Ming,1,15,9
DEN,Chauncey Billups,0,25,6
HOU,Luis Scola,1,40,6
HOU,Ron Artest,1,25,6
DEN,Carmelo Anthony,0,25,6
HOU,Kyle Lowry,1,25,6
DEN,Chauncey Billups,0,23,32
DEN,J.R. Smith,0,25,6
HOU,Ron Artest,1,9,26
DEN,Carmelo Anthony,0,25,6
DEN,Carmelo Anthony,1,25,6
HOU,Shane Battier,0,41,25
HOU,Ron Artest,0,15,29
HOU,Kyle Lowry,0,42,24
DEN,Chauncey Billups,1,8,24
HOU,Ron Artest,0,25,6
DEN,Chauncey Billups,0,47,7
HOU,Carl Landry,1,26,24
DEN,J.R. Smith,0,25,6
HOU,Carl Landry,1,25,6
DEN,Carmelo Anthony,0,32,23
HOU,Carl Landry,0,20,23
DEN,J.R. Smith,1,1,10
HOU,Kyle Lowry,0,25,6
DEN,Linas Kleiza,0,45,22
HOU,Von Wafer,0,45,11
DEN,Chauncey Billups,0,42,25
DEN,Carmelo Anthony,0,25,6
HOU,Luis Scola,0,14,20
DEN,Linas Kleiza,1,25,6
HOU,Von Wafer,0,40,15
HOU,Ron Artest,1,29,27
DEN,Chauncey Billups,1,8,14
DEN,Carmelo Anthony,1,37,30
HOU,Ron Artest,1,30,13
DEN,Carmelo Anthony,1,8,9
HOU,Ron Artest,0,33,13
HOU,Carl Landry,0,25,6
HOU,Ron Artest,0,41,15
DEN,J.R. Smith,0,31,27
DEN,Chauncey Billups,0,11,11
HOU,Von Wafer,1,32,23
DEN,Chris Andersen,1,24,21
HOU,Aaron Brooks,0,25,6
DEN,Linas Kleiza,1,19,9
HOU,Aaron Brooks,0,44,18
DEN,Carmelo Anthony,0,25,6
HOU,Yao Ming,1,28,11
DEN,Chauncey Billups,1,12,18
HOU,Ron Artest,1,8,12
DEN,Chauncey Billups,0,13,25
HOU,Aaron Brooks,1,25,6
HOU,Ron Artest,0,25,6
HOU,Ron Artest,0,24,17
HOU,Aaron Brooks,0,30,11
HOU,Shane Battier,1,49,9
DEN,Chauncey Billups,1,44,23
HOU,Aaron Brooks,0,31,10
DEN,J.R. Smith,0,20,13
DEN,Chauncey Billups,0,25,6
DEN,Chauncey Billups,1,25,6
DEN,J.R. Smith,1,25,43
