NOH,Devin Brown,0,25,31
NOH,David West,0,25,6
MEM,Marc Gasol,1,25,6
NOH,Peja Stojakovic,1,30,14
NOH,Devin Brown,1,25,6
MEM,Rudy Gay,1,11,8
NOH,Peja Stojakovic,1,33,32
MEM,Marc Gasol,0,21,13
MEM,Zach Randolph,0,25,6
NOH,Emeka Okafor,1,25,6
MEM,O.J. Mayo,0,14,20
NOH,David West,1,17,14
MEM,Jamaal Tinsley,0,31,31
MEM,Marc Gasol,0,17,15
MEM,Zach Randolph,1,34,23
MEM,O.J. Mayo,1,25,6
NOH,David West,1,25,6
MEM,Marc Gasol,1,25,6
NOH,Devin Brown,0,25,6
MEM,Jamaal Tinsley,1,25,6
NOH,Chris Paul,0,25,14
NOH,Emeka Okafor,0,15,7
MEM,Marc Gasol,0,19,13
MEM,Zach Randolph,1,25,6
NOH,Devin Brown,0,18,30
MEM,O.J. Mayo,1,11,8
NOH,Chris Paul,1,25,6
MEM,O.J. Mayo,0,9,21
NOH,Peja Stojakovic,0,14,28
MEM,Zach Randolph,1,25,6
MEM,Zach Randolph,0,18,11
NOH,Peja Stojakovic,1,25,6
MEM,Rudy Gay,0,25,6
NOH,Peja Stojakovic,1,41,12
MEM,Jamaal Tinsley,0,25,6
NOH,Emeka Okafor,1,13,11
MEM,Jamaal Tinsley,1,25,6
MEM,Zach Randolph,1,15,7
NOH,Devin Brown,1,25,6
MEM,Zach Randolph,0,25,6
MEM,Jamaal Tinsley,1,28,15
NOH,David West,1,30,13
MEM,DeMarre Carroll,0,43,17
NOH,Marcus Thornton,1,25,6
NOH,Marcus Thornton,1,35,28
NOH,James Posey,1,25,6
MEM,Rudy Gay,0,15,12
MEM,Hasheem Thabeet,1,25,6
NOH,Darius Songaila,1,23,28
NOH,Darren Collison,1,16,18
MEM,Rudy Gay,1,21,26
NOH,Darius Songaila,0,24,28
NOH,Darius Songaila,1,25,6
MEM,Rudy Gay,0,36,24
NOH,Darren Collison,0,25,6
NOH,Marcus Thornton,1,36,8
MEM,Zach Randolph,1,25,6
NOH,Darren Collison,1,25,6
MEM,O.J. Mayo,0,25,12
NOH,Marcus Thornton,0,25,30
MEM,Marc Gasol,1,24,16
NOH,Julian Wright,1,25,6
MEM,Marc Gasol,1,19,23
NOH,Darren Collison,0,44,6
MEM,Mike Conley,0,40,26
NOH,Julian Wright,0,25,6
NOH,Julian Wright,1,31,8
MEM,Marc Gasol,1,25,6
NOH,Darren Collison,0,5,8
MEM,Zach Randolph,1,10,13
NOH,David West,1,10,7
MEM,Mike Conley,1,20,30
NOH,David West,0,37,15
MEM,Rudy Gay,0,25,6
NOH,Darren Collison,0,47,17
NOH,Chris Paul,1,42,5
MEM,Mike Conley,1,25,6
NOH,Darren Collison,1,25,6
NOH,Julian Wright,0,25,6
NOH,Julian Wright,1,25,6
MEM,Mike Conley,0,35,29
MEM,Rudy Gay,1,23,12
NOH,Chris Paul,0,25,6
NOH,Emeka Okafor,1,25,6
MEM,Rudy Gay,1,25,6
NOH,Chris Paul,1,15,13
MEM,Marc Gasol,0,25,6
NOH,Emeka Okafor,0,25,6
NOH,David West,1,25,6
MEM,Mike Conley,0,36,23
MEM,Rudy Gay,1,25,6
NOH,Peja Stojakovic,0,6,21
MEM,Rudy Gay,1,25,6
NOH,Peja Stojakovic,0,40,26
MEM,O.J. Mayo,1,25,6
NOH,Chris Paul,0,41,17
MEM,Mike Conley,1,2,8
NOH,Devin Brown,0,23,13
MEM,Rudy Gay,1,25,6
NOH,David West,0,13,18
MEM,O.J. Mayo,0,12,27
MEM,Zach Randolph,0,25,6
NOH,Devin Brown,0,43,24
NOH,Peja Stojakovic,1,25,6
MEM,Zach Randolph,1,32,24
NOH,Emeka Okafor,1,25,6
MEM,Mike Conley,0,49,9
MEM,Zach Randolph,0,25,6
MEM,Zach Randolph,1,25,6
NOH,Emeka Okafor,1,25,6
MEM,Rudy Gay,1,25,6
NOH,Chris Paul,0,25,13
MEM,O.J. Mayo,0,5,21
NOH,Peja Stojakovic,0,4,20
MEM,Marc Gasol,0,25,6
MEM,Rudy Gay,1,39,7
NOH,David West,0,22,12
MEM,Jamaal Tinsley,1,26,15
NOH,Devin Brown,0,8,26
MEM,O.J. Mayo,1,44,21
NOH,David West,1,28,15
MEM,Zach Randolph,1,25,6
NOH,Peja Stojakovic,1,14,24
MEM,Marc Gasol,1,25,6
NOH,David West,1,25,6
MEM,Jamaal Tinsley,0,17,31
MEM,Marc Gasol,0,33,9
MEM,Zach Randolph,0,40,15
MEM,Rudy Gay,0,25,6
NOH,Marcus Thornton,0,25,6
NOH,Peja Stojakovic,1,25,6
MEM,Sam Young,0,28,15
NOH,Chris Paul,0,33,45
NOH,James Posey,0,15,28
MEM,Jamaal Tinsley,0,36,22
MEM,Jamaal Tinsley,1,25,6
MEM,Zach Randolph,0,11,8
MEM,Zach Randolph,1,25,6
NOH,Darius Songaila,0,18,13
NOH,Chris Paul,0,25,6
NOH,Emeka Okafor,0,25,6
NOH,Darius Songaila,1,24,30
MEM,Zach Randolph,1,26,14
MEM,O.J. Mayo,0,28,31
NOH,Chris Paul,0,16,29
MEM,Sam Young,1,41,9
NOH,Emeka Okafor,0,29,12
NOH,Marcus Thornton,1,21,11
MEM,Sam Young,0,40,8
MEM,Jamaal Tinsley,0,14,12
NOH,James Posey,0,41,24
MEM,O.J. Mayo,1,27,24
NOH,James Posey,0,25,6
NOH,James Posey,1,25,6
MEM,Mike Conley,1,20,22
NOH,David West,1,25,6
NOH,Chris Paul,1,23,16
MEM,O.J. Mayo,0,12,22
NOH,Peja Stojakovic,1,4,20
NOH,Marcus Thornton,1,25,6
MEM,Marc Gasol,0,22,13
NOH,Chris Paul,1,19,16
NOH,Chris Paul,1,25,6
MEM,O.J. Mayo,1,25,6
MEM,Mike Conley,0,25,6
NOH,Marcus Thornton,0,4,19
NOH,David West,1,25,6
MEM,O.J. Mayo,0,30,30
NOH,Chris Paul,1,27,25
MEM,Rudy Gay,1,9,10
MEM,Rudy Gay,1,25,31
NOH,James Posey,1,25,6
